Title,Price,Rating
A Light in the Attic,Â£51.77,3/5
Tipping the Velvet,Â£53.74,1/5
Soumission,Â£50.10,1/5
Sharp Objects,Â£47.82,4/5
Sapiens: A Brief History of Humankind,Â£54.23,5/5
The Requiem Red,Â£22.65,1/5
The Dirty Little Secrets of Getting Your Dream Job,Â£33.34,4/5
"The Coming Woman: A Novel Based on the Life of the Infamous Feminist, Victoria Woodhull",Â£17.93,3/5
The Boys in the Boat: Nine Americans and Their Epic Quest for Gold at the 1936 Berlin Olympics,Â£22.60,4/5
The Black Maria,Â£52.15,1/5
"Starving Hearts (Triangular Trade Trilogy, #1)",Â£13.99,2/5
Shakespeare's Sonnets,Â£20.66,4/5
Set Me Free,Â£17.46,5/5
Scott Pilgrim's Precious Little Life (Scott Pilgrim #1),Â£52.29,5/5
Rip it Up and Start Again,Â£35.02,5/5
"Our Band Could Be Your Life: Scenes from the American Indie Underground, 1981-1991",Â£57.25,3/5
Olio,Â£23.88,1/5
Mesaerion: The Best Science Fiction Stories 1800-1849,Â£37.59,1/5
Libertarianism for Beginners,Â£51.33,2/5
It's Only the Himalayas,Â£45.17,2/5
In Her Wake,Â£12.84,1/5
How Music Works,Â£37.32,2/5
"Foolproof Preserving: A Guide to Small Batch Jams, Jellies, Pickles, Condiments, and More: A Foolproof Guide to Making Small Batch Jams, Jellies, Pickles, Condiments, and More",Â£30.52,3/5
Chase Me (Paris Nights #2),Â£25.27,5/5
Black Dust,Â£34.53,5/5
Birdsong: A Story in Pictures,Â£54.64,3/5
America's Cradle of Quarterbacks: Western Pennsylvania's Football Factory from Johnny Unitas to Joe Montana,Â£22.50,3/5
Aladdin and His Wonderful Lamp,Â£53.13,3/5
Worlds Elsewhere: Journeys Around Shakespeareâs Globe,Â£40.30,5/5
Wall and Piece,Â£44.18,4/5
The Four Agreements: A Practical Guide to Personal Freedom,Â£17.66,5/5
The Five Love Languages: How to Express Heartfelt Commitment to Your Mate,Â£31.05,3/5
The Elephant Tree,Â£23.82,5/5
The Bear and the Piano,Â£36.89,1/5
Sophie's World,Â£15.94,5/5
Penny Maybe,Â£33.29,3/5
Maude (1883-1993):She Grew Up with the country,Â£18.02,2/5
"In a Dark, Dark Wood",Â£19.63,1/5
Behind Closed Doors,Â£52.22,4/5
You can't bury them all: Poems,Â£33.63,2/5
Slow States of Collapse: Poems,Â£57.31,3/5
Reasons to Stay Alive,Â£26.41,2/5
Private Paris (Private #10),Â£47.61,5/5
#HigherSelfie: Wake Up Your Life. Free Your Soul. Find Your Tribe.,Â£23.11,5/5
Without Borders (Wanderlove #1),Â£45.07,2/5
When We Collided,Â£31.77,1/5
"We Love You, Charlie Freeman",Â£50.27,5/5
Untitled Collection: Sabbath Poems 2014,Â£14.27,4/5
"Unseen City: The Majesty of Pigeons, the Discreet Charm of Snails & Other Wonders of the Urban Wilderness",Â£44.18,4/5
Unicorn Tracks,Â£18.78,3/5
"Unbound: How Eight Technologies Made Us Human, Transformed Society, and Brought Our World to the Brink",Â£25.52,1/5
Tsubasa: WoRLD CHRoNiCLE 2 (Tsubasa WoRLD CHRoNiCLE #2),Â£16.28,1/5
Throwing Rocks at the Google Bus: How Growth Became the Enemy of Prosperity,Â£31.12,3/5
This One Summer,Â£19.49,4/5
Thirst,Â£17.27,5/5
The Torch Is Passed: A Harding Family Story,Â£19.09,1/5
The Secret of Dreadwillow Carse,Â£56.13,1/5
"The Pioneer Woman Cooks: Dinnertime: Comfort Classics, Freezer Food, 16-Minute Meals, and Other Delicious Ways to Solve Supper!",Â£56.41,1/5
The Past Never Ends,Â£56.50,4/5
The Natural History of Us (The Fine Art of Pretending #2),Â£45.22,3/5
